[
  {
    "firstName": "Gloria",
    "lastName": "Alexander",
    "soldProducts": [
      {
        "name": "Strattera",
        "price": "658.54",
        "buyerFirstName": "Ann",
        "buyerLastName": "Stevens"
      },
      {
        "name": "Aspergillus repens",
        "price": "1231.42",
        "buyerFirstName": "Jeremy",
        "buyerLastName": "Woods"
      },
      {
        "name": "Ampicillin",
        "price": "674.63",
        "buyerFirstName": null,
        "buyerLastName": null
      }
    ]
  },
  {
    "firstName": "Fred",
    "lastName": "Allen",
    "soldProducts": [
      {
        "name": "MOIST MOISTURE SKIN TONER",
        "price": "152.43",
        "buyerFirstName": null,
        "buyerLastName": "Thompson"
      },
      {
        "name": "smart sense nicotine",
        "price": "1444.12",
        "buyerFirstName": "Billy",
        "buyerLastName": "Parker"
      },
      {
        "name": "Myristica Argentum Sinus Relief",
        "price": "904.52",
        "buyerFirstName": "Rachel",
        "buyerLastName": "Johnson"
      }
    ]
  },
  {
    "firstName": null,
    "lastName": "Baker",
    "soldProducts": [
      {
        "name": "Trihexyphenidyl Hydrochloride",
        "price": "64.88",
        "buyerFirstName": "Brenda",
        "buyerLastName": "Howell"
      },
      {
        "name": "Enchanted Moments Mistletoe Kisses Hand Sanitizer",
        "price": "384.99",
        "buyerFirstName": null,
        "buyerLastName": "Cunningham"
      },
      {
        "name": "H-Rosacea Formula",
        "price": "99.74",
        "buyerFirstName": "Gloria",
        "buyerLastName": "Alexander"
      },
      {
        "name": "XANTHIUM STRUMARIUM VAR CANADENSE POLLEN",
        "price": "1091.38",
        "buyerFirstName": "Carl",
        "buyerLastName": "Lawson"
      }
    ]
  },
  {
    "firstName": "Fred",
    "lastName": "Barnes",
    "soldProducts": [
      {
        "name": "Fair Foundation SPF 15",
        "price": "1394.24",
        "buyerFirstName": "Patricia",
        "buyerLastName": "Cooper"
      },
      {
        "name": "IOPE RETIGEN MOISTURE TWIN CAKE NO.21",
        "price": "1257.71",
        "buyerFirstName": "Arthur",
        "buyerLastName": "Reynolds"
      },
      {
        "name": "ESIKA",
        "price": "879.37",
        "buyerFirstName": "Thomas",
        "buyerLastName": "Snyder"
      },
      {
        "name": "allergy eye",
        "price": "426.91",
        "buyerFirstName": "Eugene",
        "buyerLastName": "Stewart"
      },
      {
        "name": "GOONG SECRET CALMING BATH",
        "price": "742.47",
        "buyerFirstName": "Fred",
        "buyerLastName": "Allen"
      },
      {
        "name": "EMEND",
        "price": "1365.51",
        "buyerFirstName": null,
        "buyerLastName": "Fox"
      },
      {
        "name": "Finasteride",
        "price": "1374.01",
        "buyerFirstName": "Wanda",
        "buyerLastName": "Harris"
      },
      {
        "name": "Glyburide",
        "price": "95.10",
        "buyerFirstName": "Betty",
        "buyerLastName": "Ward"
      },
      {
        "name": "Allergena",
        "price": "109.32",
        "buyerFirstName": null,
        "buyerLastName": "Mitchell"
      }
    ]
  },
  {
    "firstName": null,
    "lastName": "Bennett",
    "soldProducts": [
      {
        "name": "Topiramate",
        "price": "578.77",
        "buyerFirstName": "Clarence",
        "buyerLastName": "Fowler"
      },
      {
        "name": "Alcohol Free Antiseptic",
        "price": "1486.07",
        "buyerFirstName": "Jonathan",
        "buyerLastName": "Rodriguez"
      },
      {
        "name": "Warfarin Sodium",
        "price": "1379.79",
        "buyerFirstName": "Anna",
        "buyerLastName": "Parker"
      },
      {
        "name": "Lamotrigine Extended Release",
        "price": "245.63",
        "buyerFirstName": null,
        "buyerLastName": "Mitchell"
      },
      {
        "name": "CLARINS Ever Matte SPF 15 - 105 Nude",
        "price": "696.06",
        "buyerFirstName": "Doris",
        "buyerLastName": "Cook"
      },
      {
        "name": "ERYTHROMYCIN Base Filmtab",
        "price": "117.84",
        "buyerFirstName": null,
        "buyerLastName": null
      }
    ]
  },
  {
    "firstName": "Anna",
    "lastName": "Clark",
    "soldProducts": [
      {
        "name": "Carbon Dioxide Oxygen Mixture",
        "price": "95.49",
        "buyerFirstName": "Joshua",
        "buyerLastName": "Murray"
      },
      {
        "name": "Allopurinol",
        "price": "518.50",
        "buyerFirstName": "Marie",
        "buyerLastName": "Williamson"
      },
      {
        "name": "ROPINIROLE HYDROCHLORIDE",
        "price": "266.44",
        "buyerFirstName": "Fred",
        "buyerLastName": "Barnes"
      },
      {
        "name": "Almond",
        "price": "367.32",
        "buyerFirstName": "Emily",
        "buyerLastName": "Parker"
      }
    ]
  },
  {
    "firstName": "Doris",
    "lastName": "Cook",
    "soldProducts": [
      {
        "name": "ANXIETY/STRESS RELIEF",
        "price": "324.66",
        "buyerFirstName": null,
        "buyerLastName": "Moreno"
      },
      {
        "name": "Dawn Ultra Antibacterial Hand",
        "price": "969.86",
        "buyerFirstName": "Nicole",
        "buyerLastName": "Harris"
      }
    ]
  },
  {
    "firstName": "Patricia",
    "lastName": "Cooper",
    "soldProducts": [
      {
        "name": "Nighttime Sleep Aid",
        "price": "1217.11",
        "buyerFirstName": "Jeremy",
        "buyerLastName": "Woods"
      },
      {
        "name": "RESCRIPTOR",
        "price": "850.52",
        "buyerFirstName": null,
        "buyerLastName": null
      },
      {
        "name": "Zonisamide",
        "price": "1305.41",
        "buyerFirstName": null,
        "buyerLastName": null
      },
      {
        "name": "Shopko Lip Treatment",
        "price": "861.42",
        "buyerFirstName": "Brenda",
        "buyerLastName": "Howell"
      },
      {
        "name": "MEDICATED DANDRUFF",
        "price": "1351.02",
        "buyerFirstName": "Brandon",
        "buyerLastName": "Fuller"
      }
    ]
  },
  {
    "firstName": null,
    "lastName": "Cunningham",
    "soldProducts": [
      {
        "name": "pain relief",
        "price": "938.23",
        "buyerFirstName": "Patrick",
        "buyerLastName": "King"
      },
      {
        "name": "Ketorolac Tromethamine",
        "price": "608.18",
        "buyerFirstName": "Betty",
        "buyerLastName": "Lawson"
      },
      {
        "name": "Agaricus Equisetum Special Order",
        "price": "585.93",
        "buyerFirstName": "Ann",
        "buyerLastName": "Stevens"
      },
      {
        "name": "Flumazenil",
        "price": "1151.37",
        "buyerFirstName": "Ann",
        "buyerLastName": "Stevens"
      },
      {
        "name": "Ringers",
        "price": "1054.37",
        "buyerFirstName": "Fred",
        "buyerLastName": "Allen"
      },
      {
        "name": "Yellow Jacket hymenoptera venom Venomil Diagnostic",
        "price": "23.58",
        "buyerFirstName": "Jennifer",
        "buyerLastName": "Riley"
      }
    ]
  },
  {
    "firstName": "Carl",
    "lastName": "Daniels",
    "soldProducts": [
      {
        "name": "Prednisone",
        "price": "1285.99",
        "buyerFirstName": "Wanda",
        "buyerLastName": "Harris"
      },
      {
        "name": "Burn Jel",
        "price": "209.57",
        "buyerFirstName": null,
        "buyerLastName": null
      },
      {
        "name": "EPZICOM",
        "price": "895.65",
        "buyerFirstName": "Carl",
        "buyerLastName": "Lawson"
      }
    ]
  },
  {
    "firstName": "Sarah",
    "lastName": "Day",
    "soldProducts": [
      {
        "name": "IOPE SUPER VITAL",
        "price": "824.68",
        "buyerFirstName": null,
        "buyerLastName": "Thompson"
      },
      {
        "name": "Triamterene and Hydrochlorothiazide",
        "price": "1416.59",
        "buyerFirstName": "Betty",
        "buyerLastName": "Lawson"
      }
    ]
  },
  {
    "firstName": "Clarence",
    "lastName": "Fowler",
    "soldProducts": [
      {
        "name": "PredniSONE",
        "price": "286.43",
        "buyerFirstName": "Betty",
        "buyerLastName": "Lawson"
      }
    ]
  },
  {
    "firstName": null,
    "lastName": "Fox",
    "soldProducts": [
      {
        "name": "GEMCITABINE",
        "price": "1468.11",
        "buyerFirstName": "Sandra",
        "buyerLastName": "Riley"
      }
    ]
  },
  {
    "firstName": "Bonnie",
    "lastName": "Fox",
    "soldProducts": [
      {
        "name": "Stila Hydrating Primer Oil-Free SPF 30",
        "price": "179.28",
        "buyerFirstName": "Anna",
        "buyerLastName": "Clark"
      },
      {
        "name": "U-max Multi BB",
        "price": "137.16",
        "buyerFirstName": "Carl",
        "buyerLastName": "Lawson"
      }
    ]
  },
  {
    "firstName": "Amanda",
    "lastName": "Frazier",
    "soldProducts": [
      {
        "name": "Ibuprofen",
        "price": "1305.96",
        "buyerFirstName": "Paula",
        "buyerLastName": "Hill"
      },
      {
        "name": "No7 Protect and Perfect Foundation Sunscreen Broad Spectrum SPF 15 Cool Ivory",
        "price": "616.19",
        "buyerFirstName": "Wanda",
        "buyerLastName": "Harris"
      },
      {
        "name": "CHAMOMILLA",
        "price": "37.97",
        "buyerFirstName": "Sandra",
        "buyerLastName": "Riley"
      },
      {
        "name": "Benazepril Hydrochloride and Hydrochlorothiazide",
        "price": "1187.27",
        "buyerFirstName": null,
        "buyerLastName": "Cunningham"
      }
    ]
  },
  {
    "firstName": "Brandon",
    "lastName": "Fuller",
    "soldProducts": [
      {
        "name": "Gemcitabine",
        "price": "594.79",
        "buyerFirstName": null,
        "buyerLastName": "Mitchell"
      },
      {
        "name": "Effervescent Cold Relief",
        "price": "1436.07",
        "buyerFirstName": "Patrick",
        "buyerLastName": "King"
      },
      {
        "name": "Gehwol med Lipidro",
        "price": "421.24",
        "buyerFirstName": "Patrick",
        "buyerLastName": "King"
      },
      {
        "name": "REYATAZ",
        "price": "41.97",
        "buyerFirstName": null,
        "buyerLastName": null
      },
      {
        "name": "Fexofenadine HCl and Pseudoephedrine HCI",
        "price": "73.07",
        "buyerFirstName": "Eugene",
        "buyerLastName": "Stewart"
      },
      {
        "name": "ORCHID SECRET PACT",
        "price": "59.53",
        "buyerFirstName": "Patricia",
        "buyerLastName": "Fuller"
      }
    ]
  },
  {
    "firstName": "Patricia",
    "lastName": "Fuller",
    "soldProducts": [
      {
        "name": "Amitiza",
        "price": "666.58",
        "buyerFirstName": "Marie",
        "buyerLastName": "Williamson"
      },
      {
        "name": "Pollens - Weeds and Garden Plants, Nettle Urtica dioica",
        "price": "782.77",
        "buyerFirstName": "Christina",
        "buyerLastName": "Patterson"
      },
      {
        "name": "Perrigo Benzoyl Peroxide",
        "price": "873.24",
        "buyerFirstName": "Anna",
        "buyerLastName": "Parker"
      }
    ]
  },
  {
    "firstName": "Kathy",
    "lastName": "Gilbert",
    "soldProducts": [
      {
        "name": "Dover Aminophen",
        "price": "192.07",
        "buyerFirstName": null,
        "buyerLastName": null
      },
      {
        "name": "Amlodipine Besylate",
        "price": "122.57",
        "buyerFirstName": "Jacqueline",
        "buyerLastName": "Perez"
      },
      {
        "name": "Gilotrif",
        "price": "1454.77",
        "buyerFirstName": "Rachel",
        "buyerLastName": "Johnson"
      },
      {
        "name": "Childrens Allegra Allergy",
        "price": "650.97",
        "buyerFirstName": null,
        "buyerLastName": "Fox"
      },
      {
        "name": "BareMinerals Golden Tan matte",
        "price": "110.93",
        "buyerFirstName": "Patrick",
        "buyerLastName": "King"
      }
    ]
  },
  {
    "firstName": "Christine",
    "lastName": "Gomez",
    "soldProducts": [
      {
        "name": "Labetalol Hydrochloride",
        "price": "1345.11",
        "buyerFirstName": "Amanda",
        "buyerLastName": "Frazier"
      },
      {
        "name": "Americaine",
        "price": "1165.75",
        "buyerFirstName": "Marie",
        "buyerLastName": "Williamson"
      },
      {
        "name": "CALMING DIAPER RASH",
        "price": "700.92",
        "buyerFirstName": "Arthur",
        "buyerLastName": "Reynolds"
      }
    ]
  },
  {
    "firstName": "Nicole",
    "lastName": "Harris",
    "soldProducts": [
      {
        "name": "olio activ mouthwash",
        "price": "206.06",
        "buyerFirstName": null,
        "buyerLastName": null
      },
      {
        "name": "Acnezzol Base",
        "price": "710.60",
        "buyerFirstName": "Patrick",
        "buyerLastName": "King"
      },
      {
        "name": "ENALAPRIL MALEATE",
        "price": "210.42",
        "buyerFirstName": "Christine",
        "buyerLastName": "Gomez"
      }
    ]
  },
  {
    "firstName": "Wanda",
    "lastName": "Harris",
    "soldProducts": [
      {
        "name": "DAYWEAR PLUS MULTI PROTECTION TINTED MOISTURIZER",
        "price": "555.12",
        "buyerFirstName": "Patricia",
        "buyerLastName": "Fuller"
      }
    ]
  },
  {
    "firstName": null,
    "lastName": "Harrison",
    "soldProducts": [
      {
        "name": "Warfarin Sodium",
        "price": "138.83",
        "buyerFirstName": "Betty",
        "buyerLastName": "Ward"
      },
      {
        "name": "Aquafresh",
        "price": "849.93",
        "buyerFirstName": "Christina",
        "buyerLastName": "Patterson"
      },
      {
        "name": "Megestrol Acetate",
        "price": "976.15",
        "buyerFirstName": null,
        "buyerLastName": "Thompson"
      },
      {
        "name": "Glipizide and Metformin Hydrochloride",
        "price": "953.60",
        "buyerFirstName": null,
        "buyerLastName": "Schmidt"
      },
      {
        "name": "Acetaminophen, Chlorpheniramine Maleate, Dextromethorphan Hydrobromide, Phenylephrine Hydrochloride",
        "price": "1028.27",
        "buyerFirstName": null,
        "buyerLastName": null
      }
    ]
  },
  {
    "firstName": "Diana",
    "lastName": "Harvey",
    "soldProducts": [
      {
        "name": "Aspen",
        "price": "1046.46",
        "buyerFirstName": "Patrick",
        "buyerLastName": "King"
      },
      {
        "name": "Ondansetron",
        "price": "1249.76",
        "buyerFirstName": "Jonathan",
        "buyerLastName": "Rodriguez"
      },
      {
        "name": "Etodolac",
        "price": "1443.13",
        "buyerFirstName": null,
        "buyerLastName": "Stewart"
      },
      {
        "name": "VITALUMIERE AQUA",
        "price": "1293.09",
        "buyerFirstName": "Joshua",
        "buyerLastName": "Murray"
      },
      {
        "name": "Wintergreen Isopropyl Alcohol",
        "price": "1397.57",
        "buyerFirstName": "Jonathan",
        "buyerLastName": "Rodriguez"
      }
    ]
  },
  {
    "firstName": "Benjamin",
    "lastName": "Henry",
    "soldProducts": [
      {
        "name": "PAMO Kill Natural",
        "price": "1181.06",
        "buyerFirstName": null,
        "buyerLastName": null
      },
      {
        "name": "Treatment Set TS336667",
        "price": "1466.47",
        "buyerFirstName": "Carl",
        "buyerLastName": "Lawson"
      },
      {
        "name": "Alternaria alternata",
        "price": "61.24",
        "buyerFirstName": "Carl",
        "buyerLastName": "Lawson"
      }
    ]
  },
  {
    "firstName": "Jean",
    "lastName": "Henry",
    "soldProducts": [
      {
        "name": "Naproxen",
        "price": "807.22",
        "buyerFirstName": "Anna",
        "buyerLastName": "Parker"
      },
      {
        "name": "Pleo Lat",
        "price": "720.08",
        "buyerFirstName": null,
        "buyerLastName": "Harrison"
      },
      {
        "name": "DIVALPROEX SODIUM",
        "price": "1287.03",
        "buyerFirstName": "Brenda",
        "buyerLastName": "Howell"
      },
      {
        "name": "LBEL Couleur Luxe Rouge Amplifier XP amplifying SPF 15",
        "price": "1069.43",
        "buyerFirstName": "Joshua",
        "buyerLastName": "Murray"
      }
    ]
  },
  {
    "firstName": "Brenda",
    "lastName": "Howell",
    "soldProducts": [
      {
        "name": "CD CAPTURE TOTALE Triple Correcting Serum Foundation Wrinkles-Dark Spots-Radiance with sunscreen Broad Spectrum SPF 25 010",
        "price": "77.23",
        "buyerFirstName": "Jacqueline",
        "buyerLastName": "Perez"
      }
    ]
  },
  {
    "firstName": "Rachel",
    "lastName": "Johnson",
    "soldProducts": [
      {
        "name": "PLANTAGO LANCEOLATA POLLEN",
        "price": "561.68",
        "buyerFirstName": "Nicole",
        "buyerLastName": "Martinez"
      },
      {
        "name": "Albuterol",
        "price": "108.95",
        "buyerFirstName": null,
        "buyerLastName": "Peterson"
      },
      {
        "name": "Lorazepam",
        "price": "1134.96",
        "buyerFirstName": "Paula",
        "buyerLastName": "Hill"
      }
    ]
  },
  {
    "firstName": "Patrick",
    "lastName": "King",
    "soldProducts": [
      {
        "name": "leader pain reliever",
        "price": "1179.79",
        "buyerFirstName": "Sarah",
        "buyerLastName": "Day"
      },
      {
        "name": "PCA SKIN ACNE",
        "price": "1356.22",
        "buyerFirstName": null,
        "buyerLastName": null
      },
      {
        "name": "Leg Cramp Relief",
        "price": "1345.69",
        "buyerFirstName": "Kathy",
        "buyerLastName": "Gilbert"
      },
      {
        "name": "ESIKA 3-IN-1 PRO MAKE UP FOUNDATION SPF 20 BASE DE MAQUILLAJE PARA ROSTRO 3-EN-1 PRO FPS 20",
        "price": "1097.60",
        "buyerFirstName": "Paula",
        "buyerLastName": "Hill"
      }
    ]
  },
  {
    "firstName": "Betty",
    "lastName": "Lawson",
    "soldProducts": [
      {
        "name": "Diastat",
        "price": "614.14",
        "buyerFirstName": "Jennifer",
        "buyerLastName": "Riley"
      }
    ]
  },
  {
    "firstName": "Carl",
    "lastName": "Lawson",
    "soldProducts": [
      {
        "name": "ENBREL",
        "price": "673.97",
        "buyerFirstName": "Jonathan",
        "buyerLastName": "Rodriguez"
      },
      {
        "name": "ropinirole hydrochloride",
        "price": "103.58",
        "buyerFirstName": "Marie",
        "buyerLastName": "Williamson"
      },
      {
        "name": "Laser Block 100",
        "price": "1135.43",
        "buyerFirstName": "Jean",
        "buyerLastName": "Henry"
      },
      {
        "name": "Buprenorphine hydrochloride",
        "price": "391.05",
        "buyerFirstName": "Christina",
        "buyerLastName": "Patterson"
      },
      {
        "name": "Metformin Hydrochloride",
        "price": "953.99",
        "buyerFirstName": "Jeremy",
        "buyerLastName": "Woods"
      }
    ]
  },
  {
    "firstName": "Nicole",
    "lastName": "Martinez",
    "soldProducts": [
      {
        "name": "Echinacea Quartz Gum Support",
        "price": "570.08",
        "buyerFirstName": "Thomas",
        "buyerLastName": "Snyder"
      },
      {
        "name": "Enalapril Maleate",
        "price": "72.71",
        "buyerFirstName": "Thomas",
        "buyerLastName": "Snyder"
      },
      {
        "name": "Leflunomide",
        "price": "312.85",
        "buyerFirstName": "Jacqueline",
        "buyerLastName": "Perez"
      },
      {
        "name": "MEDI-FIRST Non-Aspirin",
        "price": "1301.28",
        "buyerFirstName": "Benjamin",
        "buyerLastName": "Henry"
      }
    ]
  },
  {
    "firstName": null,
    "lastName": "Mitchell",
    "soldProducts": [
      {
        "name": "Nevirapine",
        "price": "1374.72",
        "buyerFirstName": "Clarence",
        "buyerLastName": "Fowler"
      },
      {
        "name": "Homeopathic Rheumatism",
        "price": "967.08",
        "buyerFirstName": "Fred",
        "buyerLastName": "Barnes"
      },
      {
        "name": "ziprasidone hydrochloride",
        "price": "628.66",
        "buyerFirstName": "Amanda",
        "buyerLastName": "Frazier"
      },
      {
        "name": "Labetalol hydrochloride",
        "price": "436.38",
        "buyerFirstName": "Jean",
        "buyerLastName": "Henry"
      },
      {
        "name": "kirkland signature minoxidil",
        "price": "49.17",
        "buyerFirstName": null,
        "buyerLastName": "Bennett"
      },
      {
        "name": "NEO-POLY-BAC HYDRO",
        "price": "967.32",
        "buyerFirstName": "Sandra",
        "buyerLastName": "Riley"
      }
    ]
  },
  {
    "firstName": "Chris",
    "lastName": "Mitchell",
    "soldProducts": [
      {
        "name": "Metoprolol Tartrate",
        "price": "1405.74",
        "buyerFirstName": "Gloria",
        "buyerLastName": "Alexander"
      }
    ]
  },
  {
    "firstName": null,
    "lastName": "Moreno",
    "soldProducts": [
      {
        "name": "Pollens - Weeds and Garden Plants, Scotch Broom Cytisus scoparius",
        "price": "135.82",
        "buyerFirstName": "Bonnie",
        "buyerLastName": "Fox"
      },
      {
        "name": "Butalbital, Aspirin and Caffeine",
        "price": "1010.98",
        "buyerFirstName": null,
        "buyerLastName": "Schmidt"
      },
      {
        "name": "LANEIGE MYSTIC VEIL FOUNDATION",
        "price": "20.86",
        "buyerFirstName": null,
        "buyerLastName": "Thompson"
      },
      {
        "name": "Moore Medical Sinus Pain and Pressure Relief",
        "price": "855.39",
        "buyerFirstName": null,
        "buyerLastName": null
      }
    ]
  },
  {
    "firstName": "Joshua",
    "lastName": "Murray",
    "soldProducts": [
      {
        "name": "Imipramine Hydrochloride",
        "price": "648.69",
        "buyerFirstName": "Patrick",
        "buyerLastName": "King"
      },
      {
        "name": "SEPHORA Acne-Fighting Mattifying Moisturizer",
        "price": "1019.28",
        "buyerFirstName": "Clarence",
        "buyerLastName": "Fowler"
      },
      {
        "name": "Etomidate",
        "price": "393.94",
        "buyerFirstName": "Brenda",
        "buyerLastName": "Howell"
      },
      {
        "name": "Metaxalone",
        "price": "79.94",
        "buyerFirstName": "Patricia",
        "buyerLastName": "Fuller"
      }
    ]
  },
  {
    "firstName": "Anna",
    "lastName": "Parker",
    "soldProducts": [
      {
        "name": "Growing Pains",
        "price": "1077.37",
        "buyerFirstName": "Jean",
        "buyerLastName": "Henry"
      },
      {
        "name": "Amitriptyline Hydrochloride",
        "price": "1453.96",
        "buyerFirstName": "Nicole",
        "buyerLastName": "Harris"
      },
      {
        "name": "TYLENOL COLD MULTI-SYMPTOM DAYTIME",
        "price": "1010.81",
        "buyerFirstName": "Jonathan",
        "buyerLastName": "Rodriguez"
      },
      {
        "name": "Glycopyrrolate",
        "price": "1471.43",
        "buyerFirstName": "Brenda",
        "buyerLastName": "Howell"
      },
      {
        "name": "Baza Antifungal",
        "price": "1162.34",
        "buyerFirstName": "Nicole",
        "buyerLastName": "Harris"
      },
      {
        "name": "Foaming Hand Sanitizer",
        "price": "624.72",
        "buyerFirstName": null,
        "buyerLastName": "Thompson"
      },
      {
        "name": "Topical 60 Sec Sodium Fluoride",
        "price": "1228.84",
        "buyerFirstName": "Jacqueline",
        "buyerLastName": "Perez"
      }
    ]
  },
  {
    "firstName": "Billy",
    "lastName": "Parker",
    "soldProducts": [
      {
        "name": "Pleo Ginkgo",
        "price": "613.65",
        "buyerFirstName": "Anna",
        "buyerLastName": "Clark"
      },
      {
        "name": "Clearskin",
        "price": "968.59",
        "buyerFirstName": "Emily",
        "buyerLastName": "Parker"
      }
    ]
  },
  {
    "firstName": "Emily",
    "lastName": "Parker",
    "soldProducts": [
      {
        "name": "PREMIER VALUE ALLERGY",
        "price": "1127.61",
        "buyerFirstName": "Carl",
        "buyerLastName": "Lawson"
      },
      {
        "name": "Pollens - Trees, Birch Mix",
        "price": "1153.54",
        "buyerFirstName": null,
        "buyerLastName": "Fox"
      },
      {
        "name": "Prostate",
        "price": "716.05",
        "buyerFirstName": "Christina",
        "buyerLastName": "Patterson"
      },
      {
        "name": "smart sense nighttime cold and flu relief",
        "price": "1101.77",
        "buyerFirstName": "Christina",
        "buyerLastName": "Patterson"
      },
      {
        "name": "PRIMAXIN",
        "price": "686.66",
        "buyerFirstName": null,
        "buyerLastName": "Cunningham"
      },
      {
        "name": "cough and sore throat",
        "price": "1482.68",
        "buyerFirstName": "Billy",
        "buyerLastName": "Parker"
      }
    ]
  },
  {
    "firstName": "Christina",
    "lastName": "Patterson",
    "soldProducts": [
      {
        "name": "up and up temporary minor arthritis pain relief",
        "price": "1085.78",
        "buyerFirstName": "Patricia",
        "buyerLastName": "Cooper"
      },
      {
        "name": "Oxygen",
        "price": "1242.92",
        "buyerFirstName": "Christine",
        "buyerLastName": "Gomez"
      },
      {
        "name": "Head and Shoulders Conditioner",
        "price": "1099.59",
        "buyerFirstName": null,
        "buyerLastName": "Fox"
      }
    ]
  },
  {
    "firstName": "Jacqueline",
    "lastName": "Perez",
    "soldProducts": [
      {
        "name": "CVS Therapeutic Menthol Pain Reliever",
        "price": "1033.42",
        "buyerFirstName": null,
        "buyerLastName": null
      },
      {
        "name": "Cold and Cough",
        "price": "218.14",
        "buyerFirstName": null,
        "buyerLastName": "Moreno"
      },
      {
        "name": "Glipizide",
        "price": "621.78",
        "buyerFirstName": "Eugene",
        "buyerLastName": "Stewart"
      }
    ]
  },
  {
    "firstName": null,
    "lastName": "Peterson",
    "soldProducts": [
      {
        "name": "Protonix",
        "price": "466.70",
        "buyerFirstName": "Christina",
        "buyerLastName": "Patterson"
      },
      {
        "name": "Hydralazine Hydrochloride",
        "price": "1309.72",
        "buyerFirstName": null,
        "buyerLastName": null
      },
      {
        "name": "Air",
        "price": "331.53",
        "buyerFirstName": null,
        "buyerLastName": "Mitchell"
      },
      {
        "name": "Ranitidine",
        "price": "926.64",
        "buyerFirstName": "Anna",
        "buyerLastName": "Clark"
      },
      {
        "name": "Buprenorphine hydrochloride and naloxone hydrochloride dihydrate",
        "price": "293.33",
        "buyerFirstName": "Betty",
        "buyerLastName": "Ward"
      }
    ]
  },
  {
    "firstName": "Arthur",
    "lastName": "Reynolds",
    "soldProducts": [
      {
        "name": "Azithromycin",
        "price": "813.87",
        "buyerFirstName": "Marie",
        "buyerLastName": "Williamson"
      },
      {
        "name": "Pioglitazone",
        "price": "306.56",
        "buyerFirstName": null,
        "buyerLastName": "Fox"
      }
    ]
  },
  {
    "firstName": "Jennifer",
    "lastName": "Riley",
    "soldProducts": [
      {
        "name": "Allopurinol",
        "price": "48.80",
        "buyerFirstName": "Fred",
        "buyerLastName": "Allen"
      },
      {
        "name": "Eszopiclone",
        "price": "405.03",
        "buyerFirstName": "Doris",
        "buyerLastName": "Cook"
      }
    ]
  },
  {
    "firstName": "Sandra",
    "lastName": "Riley",
    "soldProducts": [
      {
        "name": "Budpak Hemorrhoid Anesthetic",
        "price": "1499.29",
        "buyerFirstName": "Doris",
        "buyerLastName": "Cook"
      },
      {
        "name": "Levothyroxine Sodium",
        "price": "885.86",
        "buyerFirstName": "Kathy",
        "buyerLastName": "Gilbert"
      },
      {
        "name": "LV-FX",
        "price": "820.87",
        "buyerFirstName": "Brenda",
        "buyerLastName": "Howell"
      }
    ]
  },
  {
    "firstName": "Jonathan",
    "lastName": "Rodriguez",
    "soldProducts": [
      {
        "name": "Prednisone",
        "price": "550.72",
        "buyerFirstName": null,
        "buyerLastName": "Stewart"
      },
      {
        "name": "equaline",
        "price": "520.45",
        "buyerFirstName": "Billy",
        "buyerLastName": "Parker"
      },
      {
        "name": "Acetic Acid",
        "price": "1060.43",
        "buyerFirstName": "Carl",
        "buyerLastName": "Lawson"
      }
    ]
  },
  {
    "firstName": null,
    "lastName": "Schmidt",
    "soldProducts": [
      {
        "name": "Allopurinol",
        "price": "336.81",
        "buyerFirstName": "Emily",
        "buyerLastName": "Parker"
      },
      {
        "name": "ISOPROPYL ALCOHOL",
        "price": "339.48",
        "buyerFirstName": "Betty",
        "buyerLastName": "Ward"
      },
      {
        "name": "Smooth texture Orange flavor",
        "price": "976.65",
        "buyerFirstName": "Jeremy",
        "buyerLastName": "Woods"
      },
      {
        "name": "Etoposide",
        "price": "1483.96",
        "buyerFirstName": "Ann",
        "buyerLastName": "Stevens"
      }
    ]
  },
  {
    "firstName": "Thomas",
    "lastName": "Snyder",
    "soldProducts": [
      {
        "name": "AVANDAMET",
        "price": "632.08",
        "buyerFirstName": "Nicole",
        "buyerLastName": "Harris"
      },
      {
        "name": "DIPYRIDAMOLE",
        "price": "1150.67",
        "buyerFirstName": "Eugene",
        "buyerLastName": "Stewart"
      },
      {
        "name": "Warfarin Sodium",
        "price": "770.05",
        "buyerFirstName": "Patricia",
        "buyerLastName": "Cooper"
      },
      {
        "name": "SNORING HP",
        "price": "53.59",
        "buyerFirstName": "Fred",
        "buyerLastName": "Allen"
      },
      {
        "name": "Phenylephrine HCl",
        "price": "459.89",
        "buyerFirstName": "Nicole",
        "buyerLastName": "Martinez"
      }
    ]
  },
  {
    "firstName": "Ann",
    "lastName": "Stevens",
    "soldProducts": [
      {
        "name": "Fluoxetine",
        "price": "385.37",
        "buyerFirstName": null,
        "buyerLastName": "Stewart"
      },
      {
        "name": "Extra Strength Pain Reliever PM",
        "price": "542.72",
        "buyerFirstName": "Sarah",
        "buyerLastName": "Day"
      },
      {
        "name": "Propranolol Hydrochloride",
        "price": "546.95",
        "buyerFirstName": null,
        "buyerLastName": null
      },
      {
        "name": "CARBIDOPA AND LEVODOPA",
        "price": "441.64",
        "buyerFirstName": "Billy",
        "buyerLastName": "Parker"
      },
      {
        "name": "Peter Island Continous sunscreen kids",
        "price": "471.30",
        "buyerFirstName": null,
        "buyerLastName": "Bennett"
      },
      {
        "name": "CEDAX",
        "price": "342.86",
        "buyerFirstName": null,
        "buyerLastName": null
      }
    ]
  },
  {
    "firstName": "Gary",
    "lastName": "Stevens",
    "soldProducts": [
      {
        "name": "Cefadroxil",
        "price": "1302.20",
        "buyerFirstName": null,
        "buyerLastName": "Stewart"
      },
      {
        "name": "Fosphenytoin Sodium",
        "price": "1334.06",
        "buyerFirstName": "Marie",
        "buyerLastName": "Williamson"
      }
    ]
  },
  {
    "firstName": null,
    "lastName": "Stewart",
    "soldProducts": [
      {
        "name": "AIR",
        "price": "581.69",
        "buyerFirstName": "Thomas",
        "buyerLastName": "Snyder"
      },
      {
        "name": "Ibuprofen",
        "price": "1088.04",
        "buyerFirstName": null,
        "buyerLastName": null
      },
      {
        "name": "Spironolactone",
        "price": "933.69",
        "buyerFirstName": null,
        "buyerLastName": null
      }
    ]
  },
  {
    "firstName": "Eugene",
    "lastName": "Stewart",
    "soldProducts": [
      {
        "name": "Meloxicam",
        "price": "809.18",
        "buyerFirstName": "Chris",
        "buyerLastName": "Mitchell"
      },
      {
        "name": "Goats Milk",
        "price": "298.53",
        "buyerFirstName": null,
        "buyerLastName": null
      },
      {
        "name": "Aspirin",
        "price": "925.45",
        "buyerFirstName": "Fred",
        "buyerLastName": "Barnes"
      },
      {
        "name": "Retin-A MICRO",
        "price": "995.98",
        "buyerFirstName": "Emily",
        "buyerLastName": "Parker"
      },
      {
        "name": "Topex",
        "price": "1258.49",
        "buyerFirstName": "Paula",
        "buyerLastName": "Hill"
      }
    ]
  },
  {
    "firstName": null,
    "lastName": "Thompson",
    "soldProducts": [
      {
        "name": "Irbesartan and Hydrochlorothiazide",
        "price": "308.30",
        "buyerFirstName": "Patricia",
        "buyerLastName": "Fuller"
      },
      {
        "name": "Clarins Paris Skin Illusion - 114 cappuccino",
        "price": "811.42",
        "buyerFirstName": "Jeremy",
        "buyerLastName": "Woods"
      },
      {
        "name": "TRAMADOL HYDROCHLORIDE",
        "price": "516.48",
        "buyerFirstName": null,
        "buyerLastName": null
      },
      {
        "name": "AMARANTHUS PALMERI POLLEN",
        "price": "623.16",
        "buyerFirstName": "Betty",
        "buyerLastName": "Lawson"
      }
    ]
  },
  {
    "firstName": "Marie",
    "lastName": "Williamson",
    "soldProducts": [
      {
        "name": "Care One Hemorrhoidal",
        "price": "932.18",
        "buyerFirstName": "Thomas",
        "buyerLastName": "Snyder"
      },
      {
        "name": "SUMATRIPTAN SUCCINATE",
        "price": "1265.94",
        "buyerFirstName": "Sarah",
        "buyerLastName": "Day"
      },
      {
        "name": "Acid Reducer",
        "price": "1443.51",
        "buyerFirstName": null,
        "buyerLastName": "Moreno"
      },
      {
        "name": "Isosorbide Mononitrate",
        "price": "789.91",
        "buyerFirstName": "Paula",
        "buyerLastName": "Hill"
      },
      {
        "name": "PANTOPRAZOLE SODIUM",
        "price": "293.89",
        "buyerFirstName": "Brenda",
        "buyerLastName": "Howell"
      }
    ]
  },
  {
    "firstName": "Jeremy",
    "lastName": "Woods",
    "soldProducts": [
      {
        "name": "Archangelica Eucalyptus",
        "price": "1334.91",
        "buyerFirstName": "Jacqueline",
        "buyerLastName": "Perez"
      },
      {
        "name": "Parsley",
        "price": "519.06",
        "buyerFirstName": "Betty",
        "buyerLastName": "Lawson"
      },
      {
        "name": "XtraCare Foam Antibacterial Hand Wash",
        "price": "1251.97",
        "buyerFirstName": "Anna",
        "buyerLastName": "Clark"
      },
      {
        "name": "TERSI",
        "price": "554.91",
        "buyerFirstName": "Eugene",
        "buyerLastName": "Stewart"
      }
    ]
  }
]